record_id,domain,paper_id,candidate_count,internal_candidate_count,external_candidate_count,top_source,top_type,top_claim,final_score,candidate_to_text_support,text_to_candidate_salience,best_sentence,description,caption
test-CL:1906.11746v2:0:0,C&L,1906.11746v2,59,58,1,rule,comparison,"Chen et al. ( 2018 ) outperforms This paper (GloVe) on 2/2 shared numeric columns, with an average difference of 5.605.",0.364055,0.031233,0.0,Table 1 (upper part) shows the results of our basic semantic parser (with GloVe embeddings) on all six graphbanks,"Table 1 (upper part) shows the results of our basic semantic parser (with GloVe embeddings) on all six graphbanks [CONTINUE] Our results are competitive across the board, and set a new state of the art for EDS Smatch scores (Cai and Knight, 2013) among EDS parsers which are not trained on gold syntax information. [CONTINUE] Our EDM score (Dridan and Oepen, 2011) on EDS is lower, [CONTINUE] The use of BERT embeddings is highly effective across the board. We set a new state of the art (without gold syntax) on all graphbanks except AMR 2017; [CONTINUE] The improvement is particularly pronounced in the out-of-domain evaluations, illustrating BERT's ability to transfer across domains. [CONTINUE] ",Table 1: Semantic parsing accuracies (id = in domain test set; ood = out of domain test set).
test-CL:1805.02474v1:12:12,C&L,1805.02474v1,76,76,0,rule,comparison,"IMDB outperforms MR on 6/6 shared numeric columns, with an average difference of 115.8.",0.361105,0.024678,0.0,"3-layer stacked BiLSTM gives an average accuracy of 84.57%, which is lower compared to a 2-layer stacked BiLSTM, with a training time per epoch of 423.6 seconds","The final results on the movie review and rich text classification datasets are shown in Tables 4 and 5, respectively. [CONTINUE] As shown in Table 5, among the 16 datasets [CONTINUE] S-LSTM gives the best results on 12, compared with BiLSTM and 2 layered BiLSTM models. The average accuracy of S-LSTM is 85.6%, significantly higher compared with 84.9% by 2-layer stacked BiLSTM. 3-layer stacked BiLSTM gives an average accuracy of 84.57%, which is lower compared to a 2-layer stacked BiLSTM, with a training time per epoch of 423.6 seconds.",Table 5: Results on the 16 datasets of Liu et al. (2017). Time format: train (test)
test-CL:1907.13337v1:24:24,C&L,1907.13337v1,52,33,19,rule,comparison,"CS + top outperforms CS + bot on 5/5 shared numeric columns, with an average difference of 13.58.",0.384003,0.075562,0.0,"Second, we vary the 3-layer representation out of ELMo forward language model to do contextual matching (bot/mid/top: bottom/middle/top layer only, avg: average of 3 layers, cat: concatenation of all layers)","Table 3 considers analysis of different aspects of the model. [CONTINUE] First, we look at the [CONTINUE] fluency model and compare the cluster smoothing (CS) approach with softmax temperature (TEMPx with x being the temperature) commonly used for generation in LM-integrated models (Chorowski and Jaitly, 2016) as well as no adjustment (NA). Second, we vary the 3-layer representation out of ELMo forward language model to do contextual matching (bot/mid/top: bottom/middle/top layer only, avg: average of 3 layers, cat: concatenation of all layers). [CONTINUE] Results show the effectiveness of our cluster smoothing method for the vocabulary adaptive language model pfm, although temperature smoot","Table 3: Comparison of different model choices. The top section evaluates the effects of contextual representation in the matching model, and the bottom section evaluates the effects of different smoothing methods in the fluency model."
test-CL:1901.02534v1:36:36,C&L,1901.02534v1,24,6,18,pure_llm_with_description,comparison,"On the development set, using narrow evidence (FEVER Title One (Narrow Evidence)) reduces FEVER score to .5550 from .5617 (FEVER Title One).",0.584254,0.297111,0.575687,"Limiting evidence in this way when only five statements are retrieved (""narrow evidence"" in Table 4) pushes FEVER score down very little, to .5550 from .5617 on the development set,","Limiting evidence in this way when only five statements are retrieved (""narrow evidence"" in Table 4) pushes FEVER score down very little, to .5550 from .5617 on the development set, [CONTINUE] Indeed, when the system reviews the extra evidence, FEVER score goes up to .5844 on the development set.",Table 4: FEVER Score of various systems. All use NE+Film retrieval.
test-CL:1905.08205v2:48:48,C&L,1905.08205v2,38,22,16,rule,comparison,"SyntaxSQLNet(BERT) outperforms Seq2Seq on 2/2 shared numeric columns, with an average difference of 23.75.",0.382259,0.071687,0.0,"It is clear that our base model significantly outperforms SyntaxSQLNet, SyntaxSQLNet( augment) and SyntaxSQLNet(BERT)","As shown in Table 3, there are at least 6.6% and up to 14.4% absolute improvements on accuracy of exact matching on the development set. For example, when SyntaxSQLNet is learned to generate SemQL queries instead of SQL queries, it registers 8.6% absolute improvement and even outperforms SyntaxSQLNet(augment) which performs largescale data augmentation. [CONTINUE] Table 4 presents the ablation study results. It is clear that our base model significantly outperforms SyntaxSQLNet, SyntaxSQLNet( augment) and SyntaxSQLNet(BERT). Performing schema linking ('+SL') brings about 8.5% and 6.4% absolute improvement on IRNet and IRNet(BERT). [CONTINUE] The F1 score on the WHERE clause increases by 12.5","Table 3: Exact matching accuracy on development set. The header ‘SQL’ means that the approaches are learned to generate SQL, while the header ‘SemQL’ indicates that they are learned to generate SemQL queries."
test-CL:1908.03402v1:60:60,C&L,1908.03402v1,15,0,15,pure_llm_with_description,comparison,"The gap between eScape and dev BLEU scores is 39.47 points, showing a large drop for synthetic data.",0.500826,0.149983,1.0,"Table 1 shows that there is a significant gap between the synthetic eScape data set (Negri et al., 2018) and the real-life data sets (the development set and the original training set from posteditors),","We then tested the BLEU scores between machine translation results and corresponding gold standard post-editing results on the original development set, the training set and the synthetic data as shown in Table 1. [CONTINUE] Table 1 shows that there is a significant gap between the synthetic eScape data set (Negri et al., 2018) and the real-life data sets (the development set and the original training set from posteditors),",Table 1: BLEU Scores of Data Sets
test-CL:1905.05979v2:72:72,C&L,1905.05979v2,18,2,16,qtp_adapted_with_description,extremum,"T-V distinction is the most frequent discrepancy, at 67%.",0.412148,0.163744,0.622873,"From Table 3, we see that the most frequent error category related to deixis in our annotated corpus is the inconsistency of T-V forms when translating second person pronouns","Most errors in our annotated corpus are related to person deixis, specifically gender marking in the Russian translation, and the T-V distinction between informal and formal you (Latin ""tu"" and ""vos""). [CONTINUE] From Table 3, we see that the most frequent error category related to deixis in our annotated corpus is the inconsistency of T-V forms when translating second person pronouns.",Table 3: Types of discrepancy in context-agnostic translation caused by deixis (excluding anaphora)
test-CL:1906.01327v1:84:84,C&L,1906.01327v1,18,2,16,pure_llm_with_description,comparison,Yang et al. (Transfer) (0.858) outperforms Bagherinezhad et al. (0.835) by 2.3 percentage points.,0.491153,0.195164,0.363867,We also tested the method by Yang et al,"noun comparatives is on RELATIVE (Bagherinezhad et al., 2016), presented in Table 5. [CONTINUE] We report the results of the original work, where the best score used a combination of visual and textual signals, achieving 83.5% accuracy. We also tested the method by Yang et al. (2018) on this dataset. [CONTINUE] The accuracy achieved by this method is 85.8%, surpassing the previous method by more than 2 points. We evaluated our method on this dataset, achieving a new state-of-the-art result of 87.7% accuracy with k = 10 as a filter method.","Table 5: Results on the Relative dataset. Yang et al. (2018) result was achieved by running their model on their training set, and using it as a transfer method on Relative. Finally, we present our own predictions, with different thresholds, which surpass previous work."
test-CL:1807.06683v1:96:96,C&L,1807.06683v1,23,2,21,pure_llm_with_description,comparison,"Single-task model (md) outperforms all joint-learning models (joint1, joint2, j_multi), confirming no benefit from joint learning for MD.",0.382777,0.106654,0.0,"We have to also note that in contrast with the NER task, the MD task did not enjoy a performance increase from joint learning","As can be seen from Table 2, we are very close to the state of the [CONTINUE] art MD performance even if we only trained with a low number of parameters as stated in the beginning of this section. We have to also note that in contrast with the NER task, the MD task did not enjoy a performance increase from joint learning.","Table 2: Evaluation of our models for MD performance. As in the NER evaluation, we report accuracies over the test dataset averaged over 10 replications of the training."
test-CL:1710.03430v3:108:108,C&L,1710.03430v3,25,18,7,pure_llm_with_description,comparison,"All proposed models (RDE-LTC, HRDE, HRDE-LTC) outperform the TF-IDF baseline on all metrics.",0.610373,0.134163,1.0,"Table 5 indicates the proposed RDE-LTC, HRDE, and the that HRDE-LTC model show performance improvements when compared to the baseline model, TFIDF and RDE","Table 5 indicates the proposed RDE-LTC, HRDE, and the that HRDE-LTC model show performance improvements when compared to the baseline model, TFIDF and RDE.",Table 5: Model performance results for the Samsung QA dataset.
test-CL:1906.07040v1:120:120,C&L,1906.07040v1,21,21,0,rule,comparison,"path2vec outperforms TransR on 6/6 shared numeric columns, with an average difference of 17.08.",0.558461,0.098561,0.820545,"Path2vec outperforms other graph embeddings, achieving high correlations with WordNet similarities","Discussion of Results The left part of Table 1 shows results with the WordNet similarity scores used as gold standard. Path2vec outperforms other graph embeddings, achieving high correlations with WordNet similarities. This shows that our model efficiently approximates different graph measures. The right part of Table 1 shows results [CONTINUE] for the correlations with human judgments (SimLex999). We report the results for the best models for each method, all of them (except FSE) using vector size 300 for comparability.",Table 1: Spearman correlations with WordNet similarities (left) and human judgments (right) ×100.
test-CL:2001.02836v1:132:132,C&L,2001.02836v1,29,9,20,qtp_adapted_with_description,comparison,MWE uses a much smaller embedding dimension (300) compared to BERT (768) and ELMo (512).,0.452951,0.17574,0.662447,It is observed that that MWE outperforms ELMo and achieves comparable results with BERT with smaller embedding dimension and much less training complexities,"We also compare MWE with pre-trained contextualized word embedding models in Table 4 for this task, with overall performance, embedding dimensions, and training times reported. It is observed that that MWE outperforms ELMo and achieves comparable results with BERT with smaller embedding dimension and much less training complexities.","Table 4: Comparison of MWE against language models on the WS task. Overall performance, embedding dimension, and training time (days) on a single GPU are reported."
test-CL:1904.05426v1:144:144,C&L,1904.05426v1,32,29,3,pure_llm_with_description,comparison,"CIPHER-AVG lags behind the best PL by 4.0 points for English, 13.3 for French, 6.1 for Farsi, and 1.2 for Swahili (average 6.1).",0.605755,0.272582,0.665463,"The difference between the best and the worst performing PL for each CL ranges from 24.62 percentage points for Swahili to 48.34 points for French, and an average difference of 34.5 points among all languages","Table 2 presents the intrinsic performance of the cipher grounder over all PL-CL pairs considered. The difference between the best and the worst performing PL for each CL ranges from 24.62 percentage points for Swahili to 48.34 points for French, and an average difference of 34.5 points among all languages. [CONTINUE] The case when PL=CL is also presented in Table 2 as a reference and provides a reliable upper-bound under zero-resource conditions. [CONTINUE] It is worth noting the difference in accuracy when comparing the best performing PL for each CL with its corresponding PL=CL upper-bound. [CONTINUE] Among all CLs, the best cipher grounder for French (es-fr) gets the closest to its upper","Table 2: Performance of cipher grounder using brown (|C|=500) as labeler. The best PL for each CL besides itself, is shown in bold. The artificial case where we have CL POS data (PL=CL) is shown for comparison, as is the ultimately used cipher-avg method."
test-CL:1904.00132v2:156:156,C&L,1904.00132v2,24,13,11,qtp_adapted_table_only,comparison,"The dev and test sets have very similar label distributions, differing by less than 1% for each emotion.",0.507783,0.230424,0.343378,"According to the description in (CodaLab, 2019), the label distribution for dev and test sets are roughly 4% for each of the emotions","According to the description in (CodaLab, 2019), the label distribution for dev and test sets are roughly 4% for each of the emotions. However, from the dev set (Table 2) we know that the proportions of each of the emotion categories are better described as %5 each, thereby we use %5 as the empirical estimation of distribution Pte(xtr i ). We did not use the exact proportion of dev set as the estimation to prevent the overfitting towards dev set. The sample distribution of the train set is used as Ptr(xtr i ).","Table 2: Label distribution of train, dev, and test set"
test-CL:1903.10104v1:168:168,C&L,1903.10104v1,43,28,15,rule,comparison,"BiLSTM-CRF outperforms RST-parser on 3/3 shared numeric columns, with an average difference of 44.83.",0.379641,0.065869,0.0,Table 4 shows that BiLSTM-CRF outperforms other methods in F1,"Table 4 shows that BiLSTM-CRF outperforms other methods in F1. More importantly, the perfor [CONTINUE] mance on reviews is lower than those reached on existing datasets, e.g., an F1 of 86.7 is obtained by CRF for essays (Stab and Gurevych, 2017).","Table 4: Proposition segmentation results. Result that is significantly better than all comparisons is marked with ∗ (p<10−6, McNemar test)."
test-CL:1809.00647v1:180:180,C&L,1809.00647v1,74,59,15,pure_llm_with_description,comparison,PageRank performs worse than Frequency on all precision and recall metrics.,0.709345,0.799959,0.256955,PageRank performs worse than Frequency on all,"We summarize the main results in Table 3. [CONTINUE] Frequency is the best performing baseline. Its precision at 1 and 5 are higher than 40%. PageRank performs worse than Frequency on all [CONTINUE] the precision and recall metrics. Location performs the worst. [CONTINUE] LeToR outperforms the baselines significantly on all metrics. Particularly, its P@1 value outperforms the Frequency baseline the most (4.64%), indicating a much better estimation on the most salient event. In terms of AUC, LeToR outperforms Frequency by a large margin (11.19% relative gain). [CONTINUE] The KCE model further beats LeToR significantly on all metrics, by around 5% on AUC and precision values, and by around 10%","Table 3: Event salience performance. (-E) and (-F) marks removing Entity information and Features from the full KCM model. The relative performance differences are computed against Frequency. W/T/L are the number of documents a method wins, ties, and loses compared to Frequency. † and ‡ mark the sta"
test-CL:1902.10667v2:192:192,C&L,1902.10667v2,26,18,8,rule,comparison,"H-combined outperforms SHOMA on 4/4 shared numeric columns, with an average difference of 9.183.",0.37196,0.0488,0.0,"GCN works the best for discontinuous MWEs in EN and FA, while H-combined outperforms based on results for all MWEs except for FA","we show the superior performance (in terms of MWE-based F-score) of our top systems on the test data compared to the baseline and stateof-the-art systems, namely, ATILF-LLF (Al Saied et al., 2017) and SHOMA (Taslimipoor and Rohanian, 2018). GCN works the best for discontinuous MWEs in EN and FA, while H-combined outperforms based on results for all MWEs except for FA. [CONTINUE] The overall results confirm our assumption that a hybrid architecture can mitigate errors of individual models and bolster their strengths.",Table 2: Comparing the performance of the systems on test data in terms of MWE-based F-score
test-CL:1805.02023v4:204:204,C&L,1805.02023v4,67,43,24,rule,comparison,"Gold seg / Che et al. ( 2013 )* outperforms No seg / Char baseline on 3/3 shared numeric columns, with an average difference of 10.6.",0.415526,0.16883,0.0,"With gold-standard segmentation, our word-based methods give competitive results to the state-of-the-art on the dataset (Che et al., 2013; Wang et al., 2013),","The OntoNotes test results are shown in Table 5. With gold-standard segmentation, our word-based methods give competitive results to the state-of-the-art on the dataset (Che et al., 2013; Wang et al., 2013), [CONTINUE] In addition, the results show [CONTINUE] that our word-based models can serve as highly competitive baselines. With automatic segmentation, the F1-score of word+char+bichar LSTM decreases from 75.77% to 71.70%, showing the influence of segmentation to NER. Consistent with observations on the development set, adding lattice word information leads to an 88.81% → 93.18% increasement of F1-score over the character baseline, as compared with 88.81% → 91.87% by adding bichar+softwor",Table 5: Main results on OntoNotes.
test-CL:1809.00344v1:216:216,C&L,1809.00344v1,24,2,22,qtp_adapted_with_description,comparison,Other Language from Previous Turns (26.32) outperforms Current Language from Previous Turns (26.21).,0.607001,0.214184,0.948923,"We conduct an ablation study to validate our hypothesis of using the complete context versus using only one of the three types of contexts in a bilingual multi-speaker conversation: (i) current turn, (ii) previous turns in current language, and (iii) previous turns in the other language","We conduct an ablation study to validate our hypothesis of using the complete context versus using only one of the three types of contexts in a bilingual multi-speaker conversation: (i) current turn, (ii) previous turns in current language, and (iii) previous turns in the other language. The results for En-De are reported in Table 4. We see decrease in BLEU for all types of contexts with significant decrease when considering only current language from previous turns.The results show that the current turn has the most influence on translating a sentence,",Table 4: BLEU scores for En-De bilingual test set.
test-CL:1909.03104v2:228:228,C&L,1909.03104v2,53,44,9,rule,comparison,"EigenSent⊕Avg outperforms PCA on 8/8 shared numeric columns, with an average difference of 15.5.",0.372685,0.050411,0.0,"Our model outperformed EignSent on all tasks and generally performed better than or on par with p-means, ELMo, BERT, and EigenSent⊕Avg on both the 20-NG and R-8","Table 4 shows the best results for the various models as reported in Kayal and Tsat [CONTINUE] saronis (2019), in addition to the best performance of our model denoted as c[k]. [CONTINUE] Note that the DCT-based model, DCT*, described in Kayal and Tsatsaronis (2019) performed relatively poorly in all tasks, while our model achieved close to state-of-the-art performance in both the 20-NG and R-8 tasks. Our model outperformed EignSent on all tasks and generally performed better than or on par with p-means, ELMo, BERT, and EigenSent⊕Avg on both the 20-NG and R-8. On the other hand, both EigenSent⊕Avg and ELMo performed better than all other models on SST-5.","Table 4: Performance in text classification (20-NG, R-8) and sentiment (SST-5) tasks of various models as reported in Kayal and Tsatsaronis (2019), where DCT* refers to the implementation in Kayal and Tsatsaronis (2019). Our DCT embeddings are denoted as c[k] in the bottom row. Bold indicates the be"
test-CL:1809.01375v1:240:240,C&L,1809.01375v1,80,946,12,qtp_adapted_table_only,comparison,f1-neigh has the strongest monotonic relationship with cosine similarity among all methods.,0.522461,0.135341,0.57966,Table 2 shows a selection of the f1-scores achieved on properties in the CSLB dataset in relation to the average cosine similarity of the associated words,Table 2 shows a selection of the f1-scores achieved on properties in the CSLB dataset in relation to the average cosine similarity of the associated words. A high average cosine similarity means that the concepts overall have similar vector representations and can thus be seen as having a low diversity. The results of the Spearman Rank correlation clearly indicate that scores achieved by nearest neighbors correlate more strongly with the average cosine than the two supervised classification approaches.,"Table 2: Performance of different approaches in relation to the average cosine similarity of words associated with a property (cos). The last row shows the Spearman Rank correlation between f1-scores and average cosine similarity. Property types are listed under type (p = part, vp = visual-perceptua"
test-CL:1906.06947v1:252:252,C&L,1906.06947v1,37,16,21,pure_llm_with_description,comparison,"ODEE-FER (49.8% F1) outperforms the baseline (Nguyen et al., 46.7% F1) by 3.1 percentage points.",0.42834,0.346116,0.322401,By comparing Nguyen et al,"Table 4 shows the overall performance of schema matching on GNBusinessTest. From the table, we can see that ODEE-FER achieves the best F1 scores among all the methods. By comparing Nguyen et al. (2015) and ODEEF (p = 0.01), we can see that using continuous contextual features gives better performance than discrete features. [CONTINUE] Among ODEE models, ODEE-FE gives a 2% gain in F1 score against ODEE-F, [CONTINUE] there is a 1% gain in F",Table 4: Overall performance of schema matching.
test-CL:1704.05781v1:264:264,C&L,1704.05781v1,23,7,16,pure_llm_with_description,comparison,"For OpenSubtitles, using cross-sentential context improves Analogies score from 0.34 to 0.43.",0.487678,0.060398,0.628581,"However, for analogy tasks, crosssentential contexts lead to improved results thanks to the increased window it provides","For similarity tasks, cross-sentential contexts do not seem useful, and can even be detrimental for large window sizes. However, for analogy tasks, crosssentential contexts lead to improved results thanks to the increased window it provides. This is especially pronounced for corpora with short sentences such as OpenSubtitles (see Table 3).",Table 3: Average performance across all models with and without cross-sentential contexts.
test-CL:1904.12162v2:276:276,C&L,1904.12162v2,80,98,0,rule,comparison,"N-gram auto-sklearn outperforms sum: 341 / Stanford CoreNLP SO on 7/7 shared numeric columns, with an average difference of 106.4.",0.362039,0.026754,0.0,"shows the number of correct predictions, precision, recall, and F1 values with all tools including our method (n-gram auto-sklearn)","Table [CONTINUE] shows the number of correct predictions, precision, recall, and F1 values with all tools including our method (n-gram auto-sklearn). [CONTINUE] We can see that the number of correct predictions are higher with our method in all three datasets, and our method achieved the highest F1 values for all three positive, all three negative, and one neutral. [CONTINUE] In summary, our method using n-gram IDF and automated machine learning (auto-sklearn) largely outperformed existing sentiment analysis tools.","TABLE I: The comparison result of the number of corrected prediction, precision, recall, and f1-score"
test-CL:1911.04118v2:288:288,C&L,1911.04118v2,30,18,12,pure_llm_with_description,comparison,"Among single negative labels, Neg:3 achieves the highest scores on all metrics.",0.408774,0.050826,0.179512,"Table 6 shows the results: Label 3 is the most effective negative type of the three,","Table 6: Impact of different labels of ASNQ on fine-tuning BERT for answer sentence selection. Neg and Pos refers to question-answer (QA) pairs of that particular label being chosen for fine-tuning. [CONTINUE] We carried out experiments by fine-tuning BERTBase on ASNQ with specific label categories assigned to the negative class. Table 6 shows the results: Label 3 is the most effective negative type of the three,",Table 6: Impact of different labels of ASNQ on fine-tuning BERT for answer sentence selection. Neg and Pos refers to question-answer (QA) pairs of that particular label being chosen for fine-tuning.
test-CL:2001.05316v1:300:300,C&L,2001.05316v1,26,19,7,rule,comparison,"#of samples/class outperforms Not pretrained on 6/6 shared numeric columns, with an average difference of 634.1.",0.372022,0.048938,0.0,Various subsets of authors were chosen and the dataset was truncated to each author having the same number of samples,"Various subsets of authors were chosen and the dataset was truncated to each author having the same number of samples. [CONTINUE] with and without pre-training character level embedding and comparing the proposed architectures on the held-out dataset. [CONTINUE] To illustrate the need of pre-trained character embeddings, we see from III that using a pre-trained embedding increases the accuracy across datasets and the different number of authors, regardless of the amount of data for each author. [CONTINUE] increase the performance a few degrees. [CONTINUE] we analyzed the importance of pretrained character embedding for author attribution and showed that pre-training can result in better perf",TABLE III: pretrained vs non-pretrained comparison
test-CL:2002.10345v1:312:312,C&L,2002.10345v1,32,26,6,rule,comparison,"BERTSDV outperforms BERTSDV on 4/4 shared numeric columns, with an average difference of 0.5575.",0.35,0.0,0.0,We choose different teacher size K and evaluate our models in three datasets,"We choose different teacher size K and evaluate our models in three datasets. Table 2 shows that teacher size is sensitive to datasets. Therefore, we select the best teacher size for each dataset in the following experiment.","Table 2: Results on IMDb dataset over different teacher sizes. BERTSDV(K=1) is same as BERTSDA(K=1). For IMDb and AG’s News, we report test error rate (%). For SNLI, we report accuracy (%). T denotes the total number of iterations."
test-CL:2003.03716v1:324:324,C&L,2003.03716v1,23,2,21,qtp_adapted_table_only,comparison,2-LA outperforms Greedy Search by +0.21 BLEU points.,0.364392,0.031983,0.0,We suggest one of the reasons of these results are caused by the EOS problem,Table 3: We show the results of applying LA module to the transformer model trained on the WMT14 dataset. We find that the LA module slightly improves the original model but harms the performance when the LA time step is 5. We suggest one of the reasons of these results are caused by the EOS problem.,Table 3: We show the results of applying LA module to the transformer model trained on the WMT14 dataset. We find that the LA module slightly improves the original model but harms the performance when the LA time step is 5. We suggest one of the reasons of these results are caused by the EOS problem
test-CL:1808.09468v1:336:336,C&L,1808.09468v1,32,15,17,rule,comparison,"Both outperforms WebSplit on 2/2 shared numeric columns, with an average difference of 49.",0.360445,0.023211,0.0,"Reintroducing the downsampled, in-domain training data (BOTH) further improves performance on the WebSplit evaluation","We compare three training configurations: WEBSPLIT only, WIKISPLIT only, and BOTH, which is simply their concatenation. [CONTINUE] The WEBSPLIT model scores 35.3 BLEU on the WebSplit validation set but fails to generalize beyond its narrow domain, as evidenced by reaching only 4.2 BLEU on the WikiSplit validation set. [CONTINUE] In contrast, the WIKISPLIT model achieves 59.4 BLEU on the WebSplit validation set, [CONTINUE] Reintroducing the downsampled, in-domain training data (BOTH) further improves performance on the WebSplit evaluation.",Table 4: Corpus-level BLEU scores on the validation sets for the same model architecture trained on different data.
test-CL:1908.11049v1:348:348,C&L,1908.11049v1,80,172,7,pure_llm_with_description,comparison,"For the Tweet task, MTML achieves the highest Macro-F1 average (0.31), outperforming STSL (0.23) and all other models.",0.612676,0.13928,1.0,"When we jointly train each task on the three languages, the performance decreases in most cases, other than the target group classification tasks","When we jointly train each task on the three languages, the performance decreases in most cases, other than the target group classification tasks. [CONTINUE] Yet, multilingual training of the target group classification task improves in all languages. Since the target group classification task involves 16 labels, the amount of data annotated for each label is lower than in other tasks. Hence, when aggregating annotated data in different languages, the size of the training data also increases, due to the relative regularity of identification words of different groups in all three languages in comparison to other tasks.",Table 4: Full evaluation of tasks where multilingual and multitask models outperform on average single task single language model on four different tasks.
test-CL:1906.04106v1:360:360,C&L,1906.04106v1,40,34,6,pure_llm_with_description,comparison,New evaluation method yields higher Absent F1@M than old method for all models.,0.636737,0.212194,1.0,"Table 6 shows that for all generative models, the evaluation scores computed by our method are higher than those computed by prior method","Table 6 shows that for all generative models, the evaluation scores computed by our method are higher than those computed by prior method.",Table 6: Keyphrase prediction results on the KP20k dataset with our new evaluation method.
test-CL:1905.07588v1:372:372,C&L,1905.07588v1,26,18,8,pure_llm_with_description,extremum,The best MRR across all configurations is 0.961 achieved by BERTlarge on TrecQA.,0.444308,0.077627,0.700724,"Despite training on a fraction of the data available, the proposed BERT-based models surpass the previous state-of-the-art models by a large margin on all datasets","We show the main result in Table 2 and 3. Despite training on a fraction of the data available, the proposed BERT-based models surpass the previous state-of-the-art models by a large margin on all datasets",Table 3: Results of BERTbase and BERTlarge in test set of five datasets. The number of training epochs is 3.
test-CL:1909.03590v3:384:384,C&L,1909.03590v3,26,17,9,qtp_adapted_with_description,comparison,"BigRNN outperforms BaseRNN on F@10 for Random and Length, and on F@5 for Alpha and Appear-Pre.",0.576299,0.088357,1.0,"As shown in Table 4, BigRNN and Transformer are not able to outperform BaseRNN","As shown in Table 4, BigRNN and Transformer are not able to outperform BaseRNN.",Table 4: F1 scores on present keyphrase generation of One2Seq models with different model complexities (BeamWidth=50).
test-CL:1906.02361v1:396:396,C&L,1906.02361v1,15,2,13,qtp_adapted_table_only,comparison,CoS-E-open-ended* improves over CoS-E-limited-open-ended by 22.2% absolute.,0.393136,0.081058,0.26663,"We observe that even using these limited kind of explanations improves over the BERT baseline in Table 4, which suggests that the explanations are providing useful information beyond just mentioning the correct or incorrect answers","Table 4 also contains results that use only the explanation and exclude the original question from CQA denoted by 'w/o question'. These variants also use explanation during both train and validation. [CONTINUE] We observe that even using these limited kind of explanations improves over the BERT baseline in Table 4, which suggests that the explanations are providing useful information beyond just mentioning the correct or incorrect answers. [CONTINUE] In Table 2, using CAGE-reasoning at both train and validation resulted in an accuracy of 72%, but Table 4 shows that if CAGE-reasoning truly captured all information provided in CoS-E-openended, performance would be 90%.",Table 4: Oracle results on CQA dev-random-split using different variants of CoS-E for both training and validation. * indicates CoS-E-open-ended used during both training and validation to contrast with CoS-E-open-ended used only during training in Table 2.
test-CL:2002.00652v2:408:408,C&L,2002.00652v2,31,23,8,pure_llm_with_description,comparison,Ours without BERT outperforms EditSQL (previous best without BERT) on SParC Ques.Match by 8.8 points,0.394886,0.233554,0.602159,"Compared with the previous SOTA without BERT on SPARC, our model improves Ques.Match and Int.Match by 10.6 and 5.4 points, respectively","Taking CONCAT as a representative, we compare the performance of our model with other models, as shown in Table 1. As illustrated, our model outperforms baselines by a large margin with or without BERT, achieving new SOTA performances on both datasets. Compared with the previous SOTA without BERT on SPARC, our model improves Ques.Match and Int.Match by 10.6 and 5.4 points, respectively.","Table 1: We report the best performance observed in 5 runs on the development sets of both SParC and CoSQL, since their test sets are not public. We also conduct Wilcoxon signed-rank tests between our method and the baselines, and the bold results show the improvements of our model are significant w"
test-CL:2003.01857v1:420:420,C&L,2003.01857v1,80,105,0,rule,comparison,"VDCNN outperforms VDCNN on 2/2 shared numeric columns, with an average difference of 2.66.",0.407203,0.112809,0.732195,"From these results we can see that our model outperforms VDCNN on AG News for the official error rate, and is very close to VDCNN's performance on Sogou News","The experiment results are presented in Table 2. The best performances of our configurations are highlighted in red, which are 8.37, 3.67, 13.79 and 7.89 for the error rates of our proposed model on AG, Sogou, AG(5k), Sogou(10k) respectively. The bold numbers are the officially reported accuracy of VDCNN, to which our proposed model is close. The numbers in blue are the results coming from our comparison experiment by using VDCNN where we set the sequence length to 256 under word level. From these results we can see that our model outperforms VDCNN on AG News for the official error rate, and is very close to VDCNN's performance on Sogou News. If we set VCDNN with the same input sequence leng",Table 2: Testing error of our model and related studies
test-CL:2001.04246v1:432:432,C&L,2001.04246v1,15,15,0,rule,comparison,"+ L [ITALIC] CE (All) outperforms Base-KD on 4/4 shared numeric columns, with an average difference of 6.35.",0.362426,0.027613,0.0,"By incorporating the probe models, the performance (line 2 in Table 4) is consistently improved, indicating the benefits from hierarchically decomposed taskoriented knowledge","The Base-KD is a naive knowledge distillation version in which only the logits of the last layer are distilled without considering hidden layer knowledge and supervised label knowledge. By incorporating the probe models, the performance (line 2 in Table 4) is consistently improved, indicating the benefits from hierarchically decomposed taskoriented knowledge. We then leverage Data Augmentation (DA) to enrich task-oriented knowledge and this technique also improves performance for all tasks, especially for tasks that have a limited scale of data (i.e., MRPC and RTE). DA is also adopted in existing KD-based compression studies (Tang et al., 2019; Jiao et al., 2019). When taking the supervised ",Table 4: The effect of knowledge loss terms.
test-CL:1906.06442v1:444:444,C&L,1906.06442v1,15,2,13,pure_llm_with_description,comparison,TaggedBT (tagged decode) has higher overlap (10.7%) than TaggedBT (standard decode) (8.9%).,0.351651,0.003669,0.0,"We quantify the copy rate with the unigram overlap between source and target as a percentage of tokens in the target side, and compare those statistics to the bitext and the back-translated data (Table 9)","We quantify the copy rate with the unigram overlap between source and target as a percentage of tokens in the target side, and compare those statistics to the bitext and the back-translated data (Table 9).",Table 9: Source-target overlap for both back-translated data with decoding newstest as if it were bitext or BT data. Model decodes are averaged over newstest2010-newstest2017.
test-CL:1704.07203v3:456:456,C&L,1704.07203v3,80,193,8,rule,comparison,"VG outperforms WD on 6/6 shared numeric columns, with an average difference of 26.3.",0.354376,0.009724,0.0,"In the feature-based approaches, on average, a combination of all features yields the best results for both Macro-F1 and Claim-F1","Table 3 lists the results of the best feature-based (LR All features) and deep learning (CNN:rand) systems, as well as single feature groups (averages over all source domains, [CONTINUE] For the lowest scoring datasets, OC and WTP, the differences are only marginal when trained on a suitable dataset [CONTINUE] The best feature-based approach outperforms the best deep learning approach in most scenarios. [CONTINUE] In particular, as opposed to the in-domain experiments, the difference of the Claim-F1 measure between the feature-based approaches and the deep learning approaches is striking. In the feature-based approaches, on average, a combination of all features yields the best results for b","Table 3: Cross-domain experiments, best values per column are highlighted, in-domain results (for comparison) in italics; results only for selected systems. For each source/target combination we show two scores: Macro-F1 score (left-hand column) and F1 score for claims (right-hand column)."
test-CL:9:468:468,C&L,9,12,12,0,rule,comparison,"nDCG@100 outperforms nDCG@10 on 4/4 shared numeric columns, with an average difference of 0.1207.",0.445853,0.16135,0.262063,"To evaluate the ranking of entity terms we have computed nDCG@10, nDCG@100 and MAP, see Table 4 for the results","To evaluate the ranking of entity terms we have computed nDCG@10, nDCG@100 and MAP, see Table 4 for the results. We also compute Recall@k of relevant documents for automatically refined queries using the 1st, 2nd and 3rd ranked entities. The scores can be found in Table 5. Tables 4 and 5 show that the Relevance Model outperforms the Rocchio algorithm in every aspect. Both models outperform the auto-encoder approach (auto-ref ). We suspect that summing over the encodings distorts the individual features too much for a correct extraction of relevant entities to be possible. The combination of all three models (auto-ref + rocchio + relevance) outperforms the other models in most cases. Especial",Table 4: Ranked Entity Scores for KRAS Validation and PIK3CA Testing
test-CL:8:480:480,C&L,8,14,10,4,pure_llm_with_description,comparison,Random baseline outperforms distributional vectors in both Spanish and French.,0.467858,0.138626,0.402382,"The results uncover the inability of distributional vectors to capture LE – they yield lower performance than the random baseline, which strongly emphasizes the need for the LE-specialization","The average precision (AP) ranking scores achieved via cross-lingual transfer of POSTLE are shown in Table 2. We report AP scores using three methods for cross-lingual word embedding induction, and compare their performance to two baselines: 1) random word pair scoring, and 2) the original (FASTTEXT) vectors. The results uncover the inability of distributional vectors to capture LE – they yield lower performance than the random baseline, which strongly emphasizes the need for the LE-specialization. The transferred POSTLE yields an immense improve","Table 2: Average precision (AP) of postle models in cross-lingual transfer. Results are shown for both postle models (dffn and adv), two target languages (Spanish and French) and three methods for inducing bilingual vector spaces: Ar [Artetxe:2018acl], Co [Conneau:2018iclr], and Sm [Smith:2017iclr]."
test-Other:1704.07926v1:0:0,Other,1704.07926v1,19,16,3,rule,comparison,"RandoMer outperforms Long+16 on 6/6 shared numeric columns, with an average difference of 15.7.",0.36562,0.03471,0.0,We note that REINFORCE performs very well on TANGRAMS but worse on ALCHEMY and very poorly on SCENE,"Table 2 compares RANDOMER to results from Long et al. (2016) as well as two baselines, REINFORCE and BSMML [CONTINUE] Our approach achieves new state-of-the-art results by a significant margin, especially on the SCENE domain, [CONTINUE] We report the results for REINFORCE, BS-MML, and RANDOMER on the seed and hyperparameters that achieve the best validation accuracy. [CONTINUE] We note that REINFORCE performs very well on TANGRAMS but worse on ALCHEMY and very poorly on SCENE.",Table 2: Comparison to prior work. Long+16 results are directly from Long et al. (2016). Hyperparameters are chosen by best performance on validation set (see Appendix A).
test-Other:1912.03820v3:12:12,Other,1912.03820v3,21,14,7,pure_llm_with_description,comparison,Meta-regularized methods (MR-MAML and MR-CNP) achieve substantially lower MSE than their unregularized counterparts at both 5-shot and 10-shot.,0.564096,0.181774,0.661488,"Both meta-regularized MAML and CNP (MR-MAML) and (MR-CNP) instead converge to a solution that adapts to the data, and as a result, greatly outperform the unregularized methods","once we add the additional amplitude input which indicates the task identity, we find that both MAML and CNP converge to the complete memorization solution and fail to generalize well to test data (Table 1 and Appendix Figures 7 and 8). Both meta-regularized MAML and CNP (MR-MAML) and (MR-CNP) instead converge to a solution that adapts to the data, and as a result, greatly outperform the unregularized methods. [CONTINUE] For CNP, although the task training set contains sufficient information to infer the correct amplitude, this information is ignored and the regression curve at test-time is determined by the one-hot vector. As a result, CNP can only generalize to points from the curves it ha",Table 1: Test MSE for the non-mutually-exclusive sinusoid regression problem. We compare MAML and CNP against meta-regularized MAML (MR-MAML) and meta-regularized CNP (MR-CNP) where regularization is either on the activations (A) or the weights (W). We report the mean over 5 trials and the standard 
test-Other:1810.11580v1:24:24,Other,1810.11580v1,26,18,8,pure_llm_with_description,comparison,Attribute witness outperforms face descriptor on all four VF attributes.,0.383881,0.075291,0.0,"For the VF dataset, witnesses consistently achieve higher than 93% accuracy whereas face descriptor has lower than 86% for 3 attributes","The results are shown in Table 2. For the VF dataset, witnesses consistently achieve higher than 93% accuracy whereas face descriptor has lower than 86% for 3 attributes. Since LFW is a dataset with a different set of persons from those in the training set (from VF), we observe a decrease of accuracy. However, attribute witnesses still have higher accuracy than face descriptor.","Table 2: Accuracy of attribute detection. Attribute detection using extracted witnesses versus using an existing layer in VGG-Face called face descriptor (i.e., the fc7 layer), whose neurons are considered representing abstract features of human faces Parkhi et al. (2015)."
test-Other:1909.12566v2:36:36,Other,1909.12566v2,25,7,18,pure_llm_with_description,comparison,MDP-Parser outperforms Falcon on relation linking by 0.291.,0.418157,0.092839,0.271899,"The accuracy of EARL drops by 60% and 10%, and Falcon by 29% and 23% for entity linking and relation linking tasks, respectively (cmp","Table 3 shows that the performance of both baselines remarkably falls down on the modified dataset. The accuracy of EARL drops by 60% and 10%, and Falcon by 29% and 23% for entity linking and relation linking tasks, respectively (cmp. Table 1 and Table2). On the other hand, MDP-Parser performs almost the same as before for relation linking (only 1% decrease). However, the accuracy of entity linking drops by 15%.",Table 3: Accuracies on LC-QuAD in lowercase
test-Other:2003.06749v1:48:48,Other,2003.06749v1,26,20,6,rule,comparison,"sampled + env / MJOLNIR-o outperforms only sampled / MJOLNIR-o (no_g) on 4/4 shared numeric columns, with an average difference of 28.",0.35546,0.012133,0.0,We compare our model with the SAVN model using this stopping criteria,We compare our model with the SAVN model using this stopping criteria. The results show that we perform significantly better.,TABLE III: Ablation study for MJOLNIR
test-Other:2001.09136v3:60:60,Other,2001.09136v3,22,8,14,rule,comparison,"Ones Init. outperforms Not Learnable on 3/3 shared numeric columns, with an average difference of 41.67.",0.432276,0.092578,0.203078,We surpassed this with 44 ensembles that achieved an accuracy of 99.83% and established a new state of the art of 99.84% with one ensemble,"We matched the previous state of the art with 4,544 ensembles. We surpassed this with 44 ensembles that achieved an accuracy of 99.83% and established a new state of the art of 99.84% with one ensemble. See Table 3.",Table 3: Ensembles
test-Other:1912.12408v1:72:72,Other,1912.12408v1,23,7,16,pure_llm_with_description,comparison,Removing vertex dropout causes a larger drop in # of Lane accuracy (2.5% absolute) than removing regularization (0.7%).,0.39576,0.051738,0.11239,the random vertex dropout has more impact on the number of lane inference and the graph Laplace regularization has more impact on the road type inference,We show the comparison results in Table 3. We find both of these two techniques are critical to the performance improvement of [CONTINUE] the random vertex dropout has more impact on the number of lane inference and the graph Laplace regularization has more impact on the road type inference.,Table 3: Impact of random vertex dropout and graph Laplace regularization.
test-Other:1812.06686v3:84:84,Other,1812.06686v3,27,23,4,pure_llm_with_description,comparison,Random Forest (RF) and XGBoost (XGB) achieve identical AUC values and are consistently the best-performing base classifiers across all tasks and categories.,0.543796,0.129694,0.741983,XGB and MLP lie in between,"The results have been reported in Table 1. As we can see, from the results, out of the 4 base classifiers, RF is the clear winner in most of the cases while LR did the worst. XGB and MLP lie in between.","Table 1: AUC using different classifiers for three sepsis gold standards. Here, Det = Detection, Pred = Prediction, S = Sepsis, SS = Severe Sepsis, SK = Septic Shock, MLP = Multilayer Perceptron, LR = Logistic Regression, XGB = XGBoost, RF = Random Forest."
test-Other:1903.07902v6:96:96,Other,1903.07902v6,70,70,0,rule,comparison,"DeepWalk outperforms HOPE / n.a / n.a on 6/6 shared numeric columns, with an average difference of 28.36.",0.52176,0.049904,0.821516,"In this section, we look at the results from node classification (Table 6)","We report the Micro-F1 and Macro-F1 scores after a 5-fold multi-label classification using one-vs-rest logistic regression. [CONTINUE] In this section, we look at the results from node classification (Table 6).",TABLE VI: Multilabel Node Classification results in terms of Micro-F1 and Macro-F1. All results are mean of 5-fold cross validations. ✗ indicates the corresponding method failed to finish for the given dataset. ’n.a’ indicates the given method is ’not applicable’ to the corresponding graph.
test-Other:1909.05379v2:108:108,Other,1909.05379v2,2,2,0,rule,extremum,Our full method has the highest Diversity value (0.67).,0.509497,0.130569,0.503705,2 reports the diversity of our method in comparison to the two baseline methods,"Tab. 2 reports the diversity of our method in comparison to the two baseline methods. The source of stochasticity we employ (the random vector zi used in Eq. 2) produces a higher diversity than the two baseline methods (which also include a random element), even when not changing the location vector l1 or appearance attributes ai. Varying either one of these factors adds a sizable amount of diversity. In the experiments of the table, the location attributes, when varied, are sampled using per-class Gaussian distribution that fit to the location vectors of the training set images.",Table 2: The diversity score of [27]. The results of [9] are computed by us and are considerably higher than those reported for the same method by [28]. The results of [28] are from their paper.
test-Other:1811.06692v1:120:120,Other,1811.06692v1,80,79,21,rule,comparison,"MAE / FHMM outperforms [ITALIC] SAEδ / SGN on 5/5 shared numeric columns, with an average difference of 76.46.",0.356089,0.013532,0.0,Table 2 and 3 show the performance of the previous works and SGN for the REDD and UK-DALE dataset,"Table 2 and 3 show the performance of the previous works and SGN for the REDD and UK-DALE dataset. [CONTINUE] In the two tables, the bold font denotes the best performing algorithm for each appliance, and the shade denotes that SGN has outperformed the best of the previous works.",Table 2: Experiment results for REDD data.
test-Other:1909.07018v1:132:132,Other,1909.07018v1,21,20,1,qtp_adapted_table_only,comparison,"EO achieves the highest modularity on 3 out of 4 graphs (Jazz, C. elegans, E-mail).",0.535956,0.079902,1.0,"On the task of modularity optimization, our method also obtained satisfying results, as shown in Table 4","On the task of modularity optimization, our method also obtained satisfying results, as shown in Table 4. Comparing to hierarchical agglomeration, our proposed method has achieved much higher modularity on all datasets.",Table 4: Results on modularity optimization. We report the maximum modularity and the corresponding number of communities.
test-Other:1906.01288v3:144:144,Other,1906.01288v3,24,12,12,qtp_adapted_table_only,comparison,"ICP outperforms its ablated variants ICP-ALL and ICP-COM on both datasets, demonstrating the benefit of the full method.",0.413847,0.13024,0.244945,"From the results of ICP-ALL and ICP-COM, we find disentanglement performance decreases without the information diversifying and competing process","We evaluate the disentanglement performance quantitatively by the Mutual Information Gap (MIG) score with the 2D shapes (dSprites) dataset and 3D Faces dataset. MIG is a classifier-free information-theoretic disentanglement metric and is meaningful for any factorized latent distribution. As shown in Table 3, ICP achieves the state-of-the-art performance on the quantitative evaluation of disentanglement. We also conduct ablation studies as what we do in the supervised setting. [CONTINUE] From the results of ICP-ALL and ICP-COM, we find disentanglement performance decreases without the information diversifying and competing process.",Table 3: MIG score of disentanglement.
test-Other:1904.01670v3:156:156,Other,1904.01670v3,80,80,6,rule,comparison,"Lautum / CIFAR-10 / 100 outperforms Standard / CIFAR-10 / 100 on 2/2 shared numeric columns, with an average difference of 215.4.",0.357448,0.016552,0.0,"Note, however, that in the case of 200 and 500 labeled samples, applying Lautum regularization only, without Temporal Ensembling, slightly outperforms the combination of the two methods","We examined the same five transfer learning techniques as in the MNIST → notMNIST case, where for each we examined three different splits of the CIFAR-100 (10 classes) training dataset to an unlabeled part and a labeled part: (1) unlabeled part of 4,900 samples and a labeled part of 100 samples; (2) unlabeled part of 4,800 samples and a labeled part of 200 samples; (3) unlabeled part of 4,500 samples and a labeled part of 500 samples. [CONTINUE] Using the settings outlined above we obtained the results shown in Table II for the CIFAR-10 → CIFAR-100 (10 classes) case. [CONTINUE] It is evident from the results that in the CIFAR10 → CIFAR-100 (10 classes) case as well, using Lautum regularizati","TABLE II: target test set accuracy comparison between standard transfer learning, Temporal Ensembling (TE), Mk-MMD, Lautum regularization and both TE and Lautum regularization for different amounts of labeled training target samples, CIFAR-10 → CIFAR-100 (10 classes)."
test-Other:2002.02991v1:168:168,Other,2002.02991v1,24,7,17,rule,comparison,"TRPO outperforms PPO on 2/2 shared numeric columns, with an average difference of 45.",0.411295,0.058388,0.248021,"Due to the structure and choice of our framework, the learned policy is independent of the type of learning algorithm","Due to the structure and choice of our framework, the learned policy is independent of the type of learning algorithm. We trained a policy for maintaining balance via TRPO, PPO, and DDPG, and found similar resulting behavior (cf. Table I). All four balancing strategies (Fig. 1) emerges regardless of the DRL algorithm used. However, from our simulations, TRPO is able to achieve higher rewards and is able to withstand higher impulses. Figure 5 shows the learning curves for the policies learned in Table I.",TABLE I: Maximal rejectable impulses for the various learning algorithms without taking steps.
test-Other:1807.11408v3:180:180,Other,1807.11408v3,41,41,0,rule,comparison,"row 11 outperforms row 0 on 8/8 shared numeric columns, with an average difference of 506.1.",0.35,0.0,0.0,Local linear forests do quite well here; they detect the strong linear signal in the tail,Local linear forests do quite well here; they detect the strong linear signal in the tail,"Table 5: RMSE from simulations on equation 1 on random forests, lasso-random forest, local linear forests, BART, and boosting. We vary sample size n, error variance σ, and ambient dimension d, and report test error on 1000 test points. We estimate Var[E[Y∣X]] as 3.52 over 10,000 Monte Carlo repetiti"
test-Other:1810.00319v6:192:192,Other,1810.00319v6,22,11,11,pure_llm_with_description,comparison,AP correlation is higher under corrupt conditions than clean for both MoG-1 and MoG-2.,0.366293,0.036206,0.0,"However, we again observe that HIB provides a slight performance improvement over point embeddings for corrupt images, and task performance correlates with uncertainty","In Table 4, we report the results of 4D embeddings with 3-digit MNIST. Here, the task performance begins to saturate, with verification accuracy on clean input images above 0.99. However, we again observe that HIB provides a slight performance improvement over point embeddings for corrupt images, and task performance correlates with uncertainty.","Table 4: Task performance and uncertainty measure correlations with task performance for 4D embeddings with 3-digit MNIST. (b) Correlations between uncertainty, η(x), and task performances."
test-Other:1903.11027v5:204:204,Other,1903.11027v5,22,16,6,qtp_adapted_table_only,comparison,"More lidar sweeps with KITTI pretraining consistently improve NDS, mAP, and mAVE.",0.555768,0.116672,0.766327,The results show that both detection and velocity estimates improve with an increasing number of lidar sweeps but with diminishing rate of return (Table 3),The results show that both detection and velocity estimates improve with an increasing number of lidar sweeps but with diminishing rate of return (Table 3). [CONTINUE] the final performance of the network only marginally varied between different pretrainings (Table 3).,Table 3: PointPillars [51] detection performance on the val set. We can see that more lidar sweeps lead to a significant performance increase and that pretraining with ImageNet is on par with KITTI.
test-Other:1810.04437v1:216:216,Other,1810.04437v1,36,20,16,rule,comparison,"Zoneout + Variational LSTM Merity et al. ( 2017 ) / 20M outperforms Attentive LM w/ [ITALIC] single score function Salton et al. ( 2017 ) / 51M on 2/2 shared numeric columns, with an average difference of 33.1.",0.364748,0.032773,0.0,Table 2 presents the results in terms of perplexity of the models trained over the wikitext2 dataset,Table 2 presents the results in terms of perplexity of the models trained over the wikitext2 dataset. [CONTINUE] Focusing on the results for the wikitext2 dataset (see Table 2) the Neural cache model is still the best performing model on this dataset. [CONTINUE] In discussing the wikietext2 results it is worth noting that the Attentive RNN-LMs and the Averaging LSTM-LM are the only models in Table 2 that reset their memory at each sentence boundary whereas the memory buffers of other models were allowed to span sentence boundaries. [CONTINUE] Given this difference the competitive performance of the Averaging LSTM-LM is encouraging.,Table 2: Perplexity results over the wikitext2. Please note that we could not calculate the number of parameters for some models given missing information in the original publications.
test-Other:1902.08496v1:228:228,Other,1902.08496v1,21,14,7,qtp_adapted_table_only,comparison,Class 0 achieves the best results across all metrics compared to other classes.,0.433441,0.086716,0.222096,The best parameters are found by random search analyzing 8 iterations,"Table V and all parameters list is shown in Table VI. The best parameters are found by random search analyzing 8 iterations. Here clf-alpha is a learning rate. Table VII shows the Precision, Recall, F1 score and",TABLE VII: Classification Accuracy Without Random Search (Previous Method)
test-Other:1912.01805v1:240:240,Other,1912.01805v1,75,59,16,qtp_adapted_with_description,comparison,"DM-ADA outperforms the best baseline (GCAN) on all three hard cases A→W, W→A, and A→D.",0.590333,0.545045,0.745315,"Our approach obtains the best performance in three of four hard cases: A → W, W → A and A → D","Table 2 reports the performance of our method compared with other works. [CONTINUE] Our approach obtains the best performance in three of four hard cases: A → W, W → A and A → D. For two easier cases: W → D and D → W, our approach achieves accuracy higher than 99.5% and ranks the first two places.",Table 2: Classification accuracy (mean ± std %) values of target domain over five independent runs on the Office-31 dataset. The best performance is indicated in bold and the second best one is underlined.
test-Other:1907.11968v1:252:252,Other,1907.11968v1,34,34,0,rule,comparison,"Chess outperforms DNC on 9/9 shared numeric columns, with an average difference of 1135.",0.35,0.0,0.0,"To access wall-clock time, all the results as shown in Table 3 are produced","To access wall-clock time, all the results as shown in Table 3 are produced [CONTINUE] It is obvious that our method is much faster than other methods [CONTINUE] Considering online stage Ours0.2,0.5 t≥1,avg, the superiority will become more obvious if lasting for more times steps.",Table 3: Wall-clock time under slicing way S1: the left part shows the total time over 21 time steps including I/O; the right part shows the detailed time of the offline or online stage excluding I/O.
test-Other:1809.08410v1:264:264,Other,1809.08410v1,15,7,8,pure_llm_with_description,comparison,"At scale 2, the p-value for m=2 (0.01) is 4 times smaller than for m=0 (0.04).",0.499197,0.139556,0.548654,"For RCMSE of GSR, we can observe that for arousal, the p-value becomes significant (0.01) when scaling factor is greater than 5","For RCMSE of GSR, we can observe that for arousal, the p-value becomes significant (0.01) when scaling factor is greater than 5. In these settings, the positive class would always have higher RCMSE, implying that the arousal of a subject is proportional to the complexity of its physiological signals. Note that the GSR would respond relatively slow according to the affect, thus the p-values become significant by increasing the scale factor.","TABLE I: P-value of RCMSE features of ECG signals (Left:Arousal, Right:Valence)"
test-Other:2003.05747v1:277:277,Other,2003.05747v1,35,29,6,pure_llm_with_description,comparison,KNN and Ridge achieve near-zero training and testing times on all datasets.,0.413001,0.178205,0.364043,Training time and testing time (in seconds) on real-world datasets over 50 runs,"Training time and testing time (in seconds) on real-world datasets over 50 runs. For FALL, the training time is the sum of the creation of the anchor models and the final model. N/A means that a memory problem occurred when computing the model on the dataset. The asterisk * means that the training time and testing time were averaged with few samples (because of a too long runtime). [CONTINUE] The important point here is that the computation time of the FALL method is two orders of magnitude smaller than that of network Lasso.","Table 2: Training time and testing time (in seconds) on real-world datasets over 50 runs. For FALL, the training time is the sum of the creation of the anchor models and the final model. N/A means that a memory problem occurred when computing the model on the dataset. The asterisk * means that the t"
test-Other:1812.05645v2:289:289,Other,1812.05645v2,21,8,13,pure_llm_with_description,comparison,All complex architectures take longer training time (230-275 min) than real GRU (172 min).,0.412028,0.109852,0.396306,"We apply the complex gru proposed in , and compare to a real valued gru","We explore the effect of a complex valued cell in table 1. We apply the complex gru proposed in , and compare to a real valued gru. We speculate that complex cells are better suited to process fourier representations due to their complex nature. Our observations show that both cells solve the task, while the complex cell does so with fewer parameters at a higher cost.",Table 1: Real and complex valued architecture comparison on the mackey-glass data.
test-Other:1810.05993v3:301:301,Other,1810.05993v3,12,0,12,qtp_adapted_table_only,comparison,Ours (Full) and Ours (zbest) significantly outperform SGAN on all datasets.,0.414499,0.157303,0.406066,SGAN,"The results are summarized in Table 2. [CONTINUE] Our methods are significantly faster to sample from than [CONTINUE] SGAN [CONTINUE] Further, our hypothesis that the zbest configuration will be slightly faster holds true.","Table 2: Mean time to generate 200 samples in scenes from each dataset, benchmarked on a computer with a 2.7 GHz Intel Core i5 CPU and 8 GB of RAM. Speedup factors are indicated in brackets."
test-Other:1910.12091v2:313:313,Other,1910.12091v2,43,25,18,pure_llm_with_description,comparison,"Cuneiform has 100% I% but only 20.46% IP%, indicating many graphs are isomorphic but not pairwise.",0.364152,0.1038,0.0,The graphs in Table 2 are sorted by the proportion of isomorphic graphs I%,"The metrics are presented in Table 2 for top-10 data sets [CONTINUE] The graphs in Table 2 are sorted by the proportion of isomorphic graphs I%. The results for the first Top-10 data sets are somewhat surprising: almost all graphs in the selected data sets have other isomorphic graphs. [CONTINUE] iso(i) the instances contain target labels that are different than those that it has seen, as we show in Table 2 the percentage of mismatched labels can be high in some data sets;","Table 2: Isomorphic metrics for Top-10 data sets based on the proportion of isomorphic graphs I%. IP% is the proportion of isomorphic pairs of graphs, Mismatched % is the proportion of mismatched labels."
test-Other:1811.08081v2:325:325,Other,1811.08081v2,34,24,10,rule,comparison,"Small DCGAN + Editors (one Critic) outperforms Small DCGAN ( [ITALIC] d=256) on 3/3 shared numeric columns, with an average difference of 1.833e+05.",0.364248,0.031662,0.0,"Based on inception scores, our DCGAN variant of the chain generator using multiple critics (model 2 and 4) was able to outperform the base DCGAN model (model 6) while using fewer parameters","All models compared are trained to the same number of epochs using the WGAN formulation with a gradient penalty term (WGAN+GP). [CONTINUE] Based on inception scores, our DCGAN variant of the chain generator using multiple critics (model 2 and 4) was able to outperform the base DCGAN model (model 6) while using fewer parameters. [CONTINUE] To ensure that our generator architecture and training scheme are responsible for the performance, we run experiments with a single critic and see that results do not degrade (see model 3 in Table 1); but with end-to-end backpropagation through the chain generator results degraded significantly (see model 5 in Table 1).",Table 1: Inception scores on unlabelled CIFAR with and without the chain generator approach trained with WGAN+GP. d refers to the depth of the first conv layer in DCGAN architectures. See section 7.4 for details about architecture.
test-Other:1908.02570v1:337:337,Other,1908.02570v1,18,5,13,qtp_adapted_with_description,aggregate,Table I summarizes the number of venues and total venue movements for Chicago and New York.,0.445305,0.480692,0.75608,The aggregated number of venues and number of total venue movements are summarised in Table I,"The check-in information describes an aggregated count of all movements from one venue to another, separated by month and five time intervals: Morning, Midday, Afternoon, Night and Overnight. In the collected data, we focus on the two cities mentioned above for the year of 2018. The aggregated number of venues and number of total venue movements are summarised in Table I.",TABLE I: Number of Venues and Venue Movements for each city
test-Other:1908.00219v2:349:349,Other,1908.00219v2,54,42,12,qtp_adapted_table_only,comparison,UM-LSTM reduces heading error compared to UM without penalties to position accuracy.,0.39339,0.260366,0.279276,pared to UM,"The results are presented in Table I. [CONTINUE] the na¨ıve non-learned UKF baseline gave the largest errors, Expectedly, [CONTINUE] Furthermore, we found that poly-n methods of varying degrees yielded very different results. [CONTINUE] Never [CONTINUE] The second- and third-degree polynomials (constant-acceleration and constant-jerk models, respectively) further improved position errors, although with degraded heading and feasibility metrics. [CONTINUE] Moving forward, we see that the four unconstrained models, UM, UM-velo, UM-LSTM, and UM-heading gave strong results in terms of the center position prediction. [CONTINUE] the results are near-identical, and both have about 30% of their traje",TABLE I: Comparison of prediction errors (lower is better)
test-Other:1912.10107v1:361:361,Other,1912.10107v1,29,10,19,pure_llm_with_description,comparison,"Drop Antr 1 is the best overall dataset, achieving the highest values in 3 out of 4 metrics (Precision, F1, best misclassifications) and tying for highest recall.",0.513077,0.103576,0.823718,Tables 9 and 10 show performance results of RetinaNet using ground truth from the best annotators (i.e,"Tables 9 and 10 show performance results of RetinaNet using ground truth from the best annotators (i.e. gt1, and gt2 sets). [CONTINUE] through these experiments we have seen the impact in model performance of the inclusion or removal of labeled data from annotators with larger degree of disagreement (see tables 9 and 10),","Table 9: RetinaNet trained with 4 datasets (Drop Antr 1, Drop Antr 2, Drop Antr 3, and Drop Antr 4) performance measured against custom ground truth gt1 dataset. Precision, recall, F1-score and number of misclassified predictions."
test-Other:2002.10981v1:373:373,Other,2002.10981v1,80,80,7,qtp_adapted_table_only,comparison,The largest relative gain of Method1 over Method2 in Query1 occurs for the Clock class (17.11% difference).,0.493479,0.102745,0.529966,"In the survey, the students are presented a video with two audio samples, the original sound and the synthesised sound","To evaluate the quality of our synthesized sounds, we conduct a survey among local college students. In the survey, the students are presented a video with two audio samples, the original sound and the synthesised sound. We then ask students to select the option they prefer using four questions: 1) Select the original (more realistic) sample. 2) Select the most suitable sample (most reasonable audio initiated from the video clip). 3) Select the sample with minimum noise. 4) Select the most synchronized sample. We assess the performance of our produced sound tracks for each of the categories. [CONTINUE] The detailed human evaluation results (selection percentages of survey queries) for each i",Table VIII: Human Evaluation Results: Selection percentage of each sound category for the first and second human survey questions
test-Other:2003.04109v1:385:385,Other,2003.04109v1,27,8,19,pure_llm_with_description,comparison,"GP performs much worse than both LR and DNN under both conditions, with RMSE values roughly double or more.",0.660682,0.636859,0.379735,"GP performs much worse than both LR and DNN,","For each model type among GP, DNN, and LR, Table III summarizes the predictive quality of the best performing model as measured through mean RMSE (Eq. 11) over all [CONTINUE] experiments. [CONTINUE] As may be expected, all models perform better when blocked lanes are known than otherwise. [CONTINUE] LR is the best performing model type when lanes are either known or unknown. GP performs much worse than both LR and DNN, [CONTINUE] The poor fit of GP [CONTINUE] The predictive performance of DNN is a little worse than that of LR, [CONTINUE] and they demonstrate (Table III) that higher precision of incident location indeed yields better predictions across all model types.","TABLE III: Best performing model of each type. Values closer to zero are better, best values are highlighted in bold."
test-Other:1903.07424v1:397:397,Other,1903.07424v1,16,9,7,pure_llm_with_description,comparison,FedAVG slightly outperforms TWAFL when K=10 and m=2.,0.441406,0.265159,0.188547,"a = e/2, K = 20, and m = 2","a = e/2, K = 20, and m = 2. Two metrics are adopted in this work for measuring the performance of the compared algorithms. One is the best accuracy of the central model within 200 rounds and the other is to the required rounds before the central model's accuracy reaches 95.0%. Note that the same computing rounds means the same communication cost. All experiments are independently run for ten times, and their average (AVG) and standard deviation (STDEV) values are presented in Tables IV, V, and VI. In the tables, the average value is listed before the standard deviation in parenthesis. Based on the results in Tables IV, V, and VI, the following observations can be made. [CONTINUE] separately ",TABLE VI: Experimental results on the scalability of the algorithm.
test-Other:1908.01297v5:409:409,Other,1908.01297v5,39,39,0,rule,comparison,"(unattacked) outperforms [ITALIC] GF-Attack on 12/12 shared numeric columns, with an average difference of 85.22.",0.503599,0.054611,0.645122,"Moreover, GF-Attack on all graph filters successfully drop the classification accuracy on both Graph Convolutional Networks and sampling-based models, which again indicates the transferability of our general model in practice","Table 1 summaries the attack results of different attackers on Graph Convolutional Networks. Our GF-Attack attacker outperforms other attackers on all datasets and all models. Moreover, GFAttack performs quite well on 2 layers GCN with nonlinear activation. This implies the generalization ability of our attacker on Graph Convolutional Networks. [CONTINUE] Table 1 also summaries the attack results of different attackers on sampling-based graph embedding models. As expected, our attacker achieves the best performance nearly on all target [CONTINUE] models. It validates the effectiveness of our method on attacking sampling-based models. [CONTINUE] Another interesting observation is that the att",Table 1: Summary of the change in classification accuracy (in percent) compared to the clean/original graph. Single edge perturbation under RBA setting. Lower is better.
test-Other:2002.12001v1:421:421,Other,2002.12001v1,39,35,4,qtp_adapted_table_only,comparison,"The improvement of DPSA over the next best algorithm is largest in the A=75 P=0.6 configuration, with a difference of 1158.",0.381299,0.176322,0.477722,− − A |,"From the results in Table 1, it can be observed that DPSA produces solutions that are 21% 6.7% better than DSASDP depending on the number of agents. However, when the density is high (p = 0.6), GDBA is the closest competitor to DPSA. In dense settings, DPSA outperforms GDBA by 1.8% 1.9%. Other competing algorithms perform equal or worse than GDBA and DSA-SDP and produce even bigger performance difference with DPSA (up to 15% - 61% in sparse settings and 9.6% - 3.2% in dense settings). Also note that the optimal cost for ( = 25, p = 0.1), which we | generate using the well-known DPOP (Petcu and Faltings 2005) algorithm, is 253, while DPSA produces 268 in the same setting. − − A |",Table 1: Comparison of DPSA and the benchmarking algorithms on difference configuration of random DCOPs.
test-Other:2002.00801v1:433:433,Other,2002.00801v1,80,290,2,rule,comparison,"accidents outperforms nltcs on 14/14 shared numeric columns, with an average difference of 2817.",0.362594,0.027987,0.0,"for accidents, baudio, and msweb, it takes roughly twice the amount of RVs and edges (the SPN for msweb) compared to the others to reach a significant runtime deviation","Our benchmarks are given in Table 1. [CONTINUE] Generally, our results shown in Table 1 demonstrate that we achieve tractable setup and highly efficient online performance for medium-sized SPNs. Specifically, the setup phase requires costs in the order of minutes and gigabytes, while the online phase takes only a few seconds and megabytes. [CONTINUE] While no single parameter appears to be decisive for the runtimes, we observe that some parameters are much more significant: 1. The number of sums has a significantly larger effect than products or leaves, which is expected given the log2 and exp2 operations. But, since the absolute amount of sums is still relatively small, the additional input","Table 1: Benchmarks of private SPN inference with CryptoSPN in a WAN network. The SPN has |X| RVs, |S| sum nodes, and |P| product nodes. Setup and online runtime as well as communication are measured for both 32- and 64-bit precision. All SPNs are RAT-SPNs with Bernoulli leaves except the ones for n"
test-Other:1909.10400v1:445:445,Other,1909.10400v1,24,5,19,pure_llm_with_description,comparison,KL divergence of predicted attention weights is 50.5% smaller than that of distance related weights.,0.635145,0.413935,0.494372,"IVA, the KL divergence for the predicted attention weights is 50.5% smaller than for the distance related weights and 46.7% smaller than for the self-attention weights","As shown in Table. IVA, the KL divergence for the predicted attention weights is 50.5% smaller than for the distance related weights and 46.7% smaller than for the self-attention weights. Similarly, the CC for the predicted attention weights is 21.3% larger than for the distance related weights and 17.5 % larger than for the self-attention weights.",TABLE I: Similarity of attention estimates. KL-D denotes Kullback-Leibler divergence and CC denotes Correlation Coefficient.
test-Other:1811.07516v2:457:457,Other,1811.07516v2,26,20,6,rule,comparison,"SVM with entropy features[garcia2017symbolic] / Feature outperforms ESN-IP rule / Signal on 3/3 shared numeric columns, with an average difference of 30.58.",0.378592,0.063538,0.0,"We believe that existing work combining SVM classifier with entropy features achieves the best result up to 81.31%, but we highlight that we proved that feeding ESN with EEG signal directly can achieve better result than bandpower features which is the aim of our work as depicted in Table 7","When discriminating stress and [CONTINUE] calm, we remark that ESN with synaptic plasticity achieves the same accuracy with signal as well feature input which is 65.45%. Combining linear regression and delta rule training enhanced the performance from 61.82% to 67.27%. While using ESN with IP, we can rise the accuracy to 76.15% with bandpower features. When inputting signal to ESN with IP, we obtained an accuracy of 41.82% and 49.09% with the offline mode and online mode, respectively. The hybrid mode shows its effectiveness in this case to reach 61.27% as recognition rate. We believe that existing work combining SVM classifier with entropy features achieves the best result up to 81.31%, but",TABLE VII: Stress/Calm Discrimination Results
